Название светильника,Цена,Ссылка
Люстра Ливсден Brown,1583руб.,https://www.divan.ru/product/lyustra-livsden-brown
Подвесной светильник Ливсден Brown,391руб.,https://www.divan.ru/product/podvesnoj-svetilnik-livsden-brown
Настольная лампа Ливсден Brown,716руб.,https://www.divan.ru/product/nastolnaya-lampa-livsden-brown
Торшер Ливсден Brown,1000руб.,https://www.divan.ru/product/torsher-livsden-brown
Бра Флиммер Black,125руб.,https://www.divan.ru/product/bra-flimmer-black
Люстра Флиммер Black,583руб.,https://www.divan.ru/product/lyustra-flimmer-black
Подвесной светильник Флиммер Black,158руб.,https://www.divan.ru/product/podvesnoj-svetilnik-flimmer-black
Настольная лампа Флиммер Black,250руб.,https://www.divan.ru/product/nastolnaya-lampa-flimmer-black
Торшер Флиммер Black,416руб.,https://www.divan.ru/product/torsher-flimmer-black
Настольная лампа Нидлс Raffia Beige,416руб.,https://www.divan.ru/product/nastolnaya-lampa-nidls-raffia-beige
Люстра Гейза Black,750руб.,https://www.divan.ru/product/lyustra-gejza-black
Настольная лампа Гейза Black,333руб.,https://www.divan.ru/product/nastolnaya-lampa-gejza-black
Настольная лампа Гейза Pink,333руб.,https://www.divan.ru/product/nastolnaya-lampa-gejza-pink
Настольная лампа Гейза Blue,333руб.,https://www.divan.ru/product/nastolnaya-lampa-gejza-blue
Настольная лампа Гейза Orange,333руб.,https://www.divan.ru/product/nastolnaya-lampa-gejza-orange
Настольная лампа Алней Black,333руб.,https://www.divan.ru/product/nastolnaya-lampa-alnej-black
Настольная лампа Алней Beige,333руб.,https://www.divan.ru/product/nastolnaya-lampa-alnej-beige
Настольная лампа Алней Green,333руб.,https://www.divan.ru/product/nastolnaya-lampa-alnej-green
Настольная лампа Алней Orange,333руб.,https://www.divan.ru/product/nastolnaya-lampa-alnej-orange
Торшер Алней Green,666руб.,https://www.divan.ru/product/torsher-alnej-green
Торшер Алней Black,666руб.,https://www.divan.ru/product/torsher-alnej-black
Торшер Алней Orange,666руб.,https://www.divan.ru/product/torsher-alnej-orange
Торшер Алней Beige,666руб.,https://www.divan.ru/product/torsher-alnej-beige
Настольная лампа Арбет Orange,166руб.,https://www.divan.ru/product/nastolnaya-lampa-arbet-orange
Настольная лампа Арбет Silver,225руб.,https://www.divan.ru/product/nastolnaya-lampa-arbet-silver
Настольная лампа Арбет Beige,166руб.,https://www.divan.ru/product/nastolnaya-lampa-arbet-beige
Настольная лампа Арбет White,166руб.,https://www.divan.ru/product/nastolnaya-lampa-arbet-white
Настольная лампа Арбет Black,166руб.,https://www.divan.ru/product/nastolnaya-lampa-arbet-black
Настольная лампа Синдри Grey,366руб.,https://www.divan.ru/product/nastolnaya-lampa-sindri-grey
Люстра Синдри Black,1000руб.,https://www.divan.ru/product/lyustra-sindri-black
Настольная лампа Манэт White,225руб.,https://www.divan.ru/product/nastolnaya-lampa-manet-white
Настольная лампа Леррет Beige,333руб.,https://www.divan.ru/product/nastolnaya-lampa-lerret-beige
Настольная лампа Леррет White,216руб.,https://www.divan.ru/product/nastolnaya-lampa-lerret-white
Настольная лампа Истад Black,141руб.,https://www.divan.ru/product/nastolnaya-lampa-istad-black
Настольная лампа Истад White,141руб.,https://www.divan.ru/product/nastolnaya-lampa-istad-white
Люстра Боллар White,1916руб.,https://www.divan.ru/product/lyustra-bollar-white
Настольная лампа Рибе Black,166руб.,https://www.divan.ru/product/nastolnaya-lampa-ribe-black
Настольная лампа Рибе Orange,166руб.,https://www.divan.ru/product/nastolnaya-lampa-ribe-orange
Настольная лампа Снибальд White,66руб.,https://www.divan.ru/product/nastolnaya-lampa-snibald-white
Настольная лампа Спайк Pink,116руб.,https://www.divan.ru/product/nastolnaya-lampa-spajk-pink
Настольная лампа Спайк White,116руб.,https://www.divan.ru/product/nastolnaya-lampa-spajk-white
Настольная лампа Астри Black,116руб.,https://www.divan.ru/product/nastolnaya-lampa-astri-black
Настольная лампа Астри Beige,116руб.,https://www.divan.ru/product/nastolnaya-lampa-astri-beige
Подвесной светильник Клауд White,833руб.,https://www.divan.ru/product/podvesnoj-svetilnik-klaud-white
Торшер Клауд White,1525руб.,https://www.divan.ru/product/torsher-klaud-white
Настольная лампа Клауд White,1333руб.,https://www.divan.ru/product/nastolnaya-lampa-klaud-white
Настольная лампа Машрум Olive,333руб.,https://www.divan.ru/product/nastolnaya-lampa-mashrum-olive
Настольная лампа Машрум Pink,333руб.,https://www.divan.ru/product/nastolnaya-lampa-mashrum-pink
